{
    "name": "GAUSS_HERMITE_MODEL_2",
    "coeff": {
        "Par0": [
            0.3235731674020739,
            1.0472638400773504e-07
        ],
        "Par1": [
            -0.0008408561367908005,
            3.7056227171285336e-08
        ],
        "Par2": [
            -0.02605176788839421,
            -4.9897071795471464e-08
        ],
        "Par3": [
            0.00016555773861191267,
            -6.248912832274274e-09
        ],
        "Par4": [
            0.0009760164786194912,
            5.841558766909965e-09
        ],
        "Par5": [
            -1.1320651593347373e-05,
            4.2469387607423103e-10
        ],
        "Par6": [
            -2.19469270218934e-05,
            -2.372404470519796e-10
        ],
        "Par7": [
            4.186213266405752e-07,
            -1.6596007520347634e-11
        ],
        "Par8": [
            3.084224245397094e-07,
            4.821995582064803e-12
        ],
        "Par9": [
            -9.220593358093799e-09,
            3.9545726187153504e-13
        ],
        "Par10": [
            -2.3900021785511018e-09,
            -5.125913390430791e-14
        ],
        "Par11": [
            1.3172190352285927e-10,
            -6.34776396463306e-15
        ]
    },
    "lsf_data": [
        {
            "file_arc": "../exposures/ARC-Ar_CLEAR_20MAS_H_PRM.fits",
            "file_listLines": "../text/Ar.txt",
            "file_wavecal": "../exposures/WAVECAL_TABLE_20MAS_H.fits",
            "file_slitlet": "../exposures/SLITLET_TABLE_20MAS_H.fits",
            "slice": 0,
            "detID": 1,
            "normal": "Normal",
            "file_flat": null
        }
    ]
}