{
    "name": "GAUSS_HERMITE_MODEL",
    "params_linear": {
        "Par0": [
            0.8092873296436753,
            4.378559625287515e-07
        ],
        "Par1": [
            -0.012963555167831587,
            7.583943760468706e-07
        ],
        "Par2": [
            -0.06792256567177571,
            -2.1697914787552043e-08
        ],
        "Par3": [
            0.0011785526519275502,
            -6.024052158435515e-08
        ],
        "Par4": [
            0.00265215784507778,
            4.700260702364319e-09
        ],
        "Par5": [
            -5.508136755107047e-05,
            2.5331939222477286e-09
        ],
        "Par6": [
            -6.206088531871452e-05,
            -2.3328687289714074e-10
        ],
        "Par7": [
            1.6285333911655397e-06,
            -7.130957581392085e-11
        ],
        "Par8": [
            9.094151667147651e-07,
            4.860062050749669e-12
        ],
        "Par9": [
            -3.101352300487591e-08,
            1.3621471157039126e-12
        ],
        "Par10": [
            -7.565973293871647e-09,
            -4.1911551417775144e-14
        ],
        "Par11": [
            3.912683698453262e-10,
            -1.827542516429604e-14
        ]
    },
    "lsf_data": [
        {
            "file_arc": "../exposures/ARC-Ne_CLEAR_20MAS_H_PRM.fits",
            "file_listLines": "../text/Ne.txt",
            "file_wavecal": "../exposures/WAVECAL_TABLE_20MAS_H.fits",
            "file_slitlet": "../exposures/SLITLET_TABLE_20MAS_H.fits",
            "slice": 0,
            "detID": 1,
            "normal": true,
            "file_flat": "../exposures/FLAT-CONT2_CLEAR_20MAS_H_PRM.fits"
        }
    ]
}