{
    "name": "GAUSSIAN_MODEL",
    "params_linear": {
        "Amplitude": [
            -3.3152598622634892e-06,
            2.533612903400333
        ],
        "Mean": [
            -3.8445616105431275e-07,
            0.006805580548338674
        ],
        "Sigma": [
            -1.711401122200085e-06,
            1.015933304251366
        ]
    },
    "filename_arc": [
        "../exposures/ARC-Ar_CLEAR_20MAS_H_PRM.fits",
        "../exposures/ARC-Kr_CLEAR_20MAS_H_PRM.fits"
    ],
    "slice": 0,
    "detID": 1,
    "normal": true,
    "filename_flat": null
}