{
    "name": "GAUSS_HERMITE_MODEL_2",
    "coeff": {
        "Par0": [
            0.3299729626872543,
            -2.5259446589526116e-07
        ],
        "Par1": [
            -0.0048072661363296925,
            2.800575658781821e-07
        ],
        "Par2": [
            -0.02761032945786222,
            3.753778286898385e-08
        ],
        "Par3": [
            0.00044026513923656614,
            -2.2221128112416948e-08
        ],
        "Par4": [
            0.0010786722463690074,
            1.9086341139107568e-11
        ],
        "Par5": [
            -2.075260955524146e-05,
            9.380367370471453e-10
        ],
        "Par6": [
            -2.5291469001114447e-05,
            -4.592239201326075e-11
        ],
        "Par7": [
            6.191875386279011e-07,
            -2.66682005413842e-11
        ],
        "Par8": [
            3.7198182694651933e-07,
            1.1537175449658936e-12
        ],
        "Par9": [
            -1.189982528336507e-08,
            5.162503153787283e-13
        ],
        "Par10": [
            -3.117959683635915e-09,
            -8.671545546455429e-15
        ],
        "Par11": [
            1.5229689869564575e-10,
            -7.078685710457116e-15
        ]
    },
    "lsf_data": [
        {
            "file_arc": "../exposures/ARC-Ne_CLEAR_20MAS_H_PRM.fits",
            "file_listLines": "../text/Ne.txt",
            "file_wavecal": "../exposures/WAVECAL_TABLE_20MAS_H.fits",
            "file_slitlet": "../exposures/SLITLET_TABLE_20MAS_H.fits",
            "slice": 0,
            "detID": 1,
            "normal": "Normal",
            "file_flat": null
        }
    ]
}