{
    "name": "GAUSS_HERMITE_MODEL",
    "params_linear": {
        "Par0": [
            -1.8711890597741222e-07,
            0.820354019125299
        ],
        "Par1": [
            1.4694378872330414e-07,
            -0.002963466842432627
        ],
        "Par2": [
            -1.3220691293719906e-07,
            -0.06598872135045321
        ],
        "Par3": [
            -2.037053360827264e-08,
            0.0004907173782174823
        ],
        "Par4": [
            1.4957213963384584e-08,
            0.0024733846273454424
        ],
        "Par5": [
            1.2679651746020633e-09,
            -3.169003103498408e-05
        ],
        "Par6": [
            -6.020820284778332e-10,
            -5.566421441173594e-05
        ],
        "Par7": [
            -4.713956566501254e-11,
            1.1401164389059337e-06
        ],
        "Par8": [
            1.2172926980246825e-11,
            7.833221537158716e-07
        ],
        "Par9": [
            1.0898304388048294e-12,
            -2.4727431364755835e-08
        ],
        "Par10": [
            -1.288275708637482e-13,
            -6.08320292388411e-09
        ],
        "Par11": [
            -1.7080305790470292e-14,
            3.491488403335127e-10
        ]
    },
    "lsf_data": [
        {
            "file_arc": "../exposures/ARC-Ar_CLEAR_20MAS_H_PRM.fits",
            "file_listLines": "../text/Ar.txt",
            "file_wavecal": "../exposures/WAVECAL_TABLE_20MAS_H.fits",
            "file_slitlet": "../exposures/SLITLET_TABLE_20MAS_H.fits",
            "slice": 0,
            "detID": 1,
            "normal": true,
            "file_flat": "../exposures/FLAT-CONT2_CLEAR_20MAS_H_PRM.fits"
        }
    ]
}