{
    "name": "GAUSSIAN_MODEL",
    "params_linear": {
        "Amplitude": [
            -2.581929845746222e-06,
            2.537480659898859
        ],
        "Mean": [
            4.024670233152699e-07,
            -0.006856537748634225
        ],
        "Sigma": [
            -1.1815684175384965e-06,
            1.0099001213199377
        ]
    },
    "filename_arc": [
        "../exposures/ARC-Ar_CLEAR_20MAS_H_PRM.fits"
    ],
    "file_listLines": [
        "../text/Ar.txt"
    ],
    "slice": 0,
    "detID": 1,
    "normal": true,
    "filename_flat": "../exposures/FLAT-CONT2_CLEAR_20MAS_H_PRM.fits"
}
