{
    "name": "GAUSS_HERMITE_MODEL",
    "params_linear": {
        "Par0": [
            0.818981877611877,
            -1.691006178757543e-07
        ],
        "Par1": [
            0.0010208818123713255,
            -8.629616936149091e-08
        ],
        "Par2": [
            -0.06557707448525005,
            -1.7025921395638167e-07
        ],
        "Par3": [
            -2.927175939110077e-07,
            1.017214348475958e-08
        ],
        "Par4": [
            0.0024672834767523787,
            1.6551438970895122e-08
        ],
        "Par5": [
            -1.8474937587301207e-06,
            -6.116722111566351e-10
        ],
        "Par6": [
            -5.565337439192382e-05,
            -6.443056563349502e-10
        ],
        "Par7": [
            1.4021161087839942e-07,
            1.6278398431025364e-11
        ],
        "Par8": [
            7.885400243118219e-07,
            1.2595949942753342e-11
        ],
        "Par9": [
            -3.934418042638158e-09,
            -2.325538407784777e-13
        ],
        "Par10": [
            -6.311435007928696e-09,
            -1.213309344513127e-13
        ],
        "Par11": [
            5.975746833025914e-11,
            1.3240492907768726e-15
        ]
    },
    "lsf_data": [
        {
            "file_arc": "../exposures/ARC-Kr_CLEAR_20MAS_H_PRM.fits",
            "file_listLines": "../text/Kr.txt",
            "file_wavecal": "../exposures/WAVECAL_TABLE_20MAS_H.fits",
            "file_slitlet": "../exposures/SLITLET_TABLE_20MAS_H.fits",
            "slice": 0,
            "detID": 1,
            "normal": true,
            "file_flat": "../exposures/FLAT-CONT2_CLEAR_20MAS_H_PRM.fits"
        }
    ]
}