{
    "name": "GAUSS_HERMITE_MODEL",
    "params_linear": {
        "Par0": [
            5.868920143399184e-06,
            0.8184398763842363
        ],
        "Par1": [
            -7.556309375215712e-07,
            0.016810406214490453
        ],
        "Par2": [
            -3.1539947852304215e-07,
            -0.009672723870263971
        ],
        "Par3": [
            -1.3908204505876751e-08,
            0.00037938402940640843
        ],
        "Par4": [
            1.3359873873231867e-09,
            0.00010179768475130456
        ],
        "Par5": [
            1.0916465821537763e-10,
            -3.1097838150202035e-06
        ],
        "Par6": [
            2.0066858049200705e-12,
            -5.83369843058023e-07
        ],
        "Par7": [
            -2.3763162913646715e-13,
            8.10739942449656e-09
        ],
        "Par8": [
            -2.380811567089491e-14,
            1.6463731214847375e-09
        ],
        "Par9": [
            -3.1717350773178317e-17,
            -4.9554969915820236e-12
        ],
        "Par10": [
            4.1422864160523547e-17,
            -1.851750445883395e-12
        ],
        "Par11": [
            5.488885983883731e-19,
            -7.736035651176152e-15
        ]
    },
    "filename_arc": [
        "../exposures/ARC-Ne_CLEAR_20MAS_HK_PRM.fits"
    ],
    "file_listLines": [
        "../text/Ne.txt"
    ],
    "slice": 0,
    "detID": 1,
    "normal": true,
    "filename_flat": "../exposures/FLAT-CONT2_CLEAR_20MAS_HK_PRM.fits"
}
