{
    "name": "GAUSSIAN_MODEL",
    "params_linear": {
        "Amplitude": [
            -3.090898222265856e-06,
            2.528823021459025
        ],
        "Mean": [
            -9.969095595737446e-08,
            0.0025305569338792792
        ],
        "Sigma": [
            -1.3662192616007772e-06,
            1.0100797926488525
        ]
    },
    "filename_arc": [
        "../exposures/ARC-Kr_CLEAR_20MAS_H_PRM.fits",
        "../exposures/ARC-Ne_CLEAR_20MAS_H_PRM.fits"
    ],
    "slice": 0,
    "detID": 1,
    "normal": true,
    "filename_flat": null
}