{
    "name": "GAUSS_HERMITE_MODEL",
    "coeff": {
        "Par0": [
            0.32358576484217094,
            1.0393526541897478e-07
        ],
        "Par1": [
            -0.0008593933831513318,
            3.824998340188954e-08
        ],
        "Par2": [
            -0.026056096195479127,
            -4.9631117757507154e-08
        ],
        "Par3": [
            0.0001681025068285915,
            -6.416461556940958e-09
        ],
        "Par4": [
            0.0009764312651469886,
            5.8166675932290916e-09
        ],
        "Par5": [
            -1.1457327648103075e-05,
            4.3398643145207295e-10
        ],
        "Par6": [
            -2.196542631249368e-05,
            -2.3615981437289064e-10
        ],
        "Par7": [
            4.2302084143003605e-07,
            -1.6904049543032294e-11
        ],
        "Par8": [
            3.0884728248570034e-07,
            4.798055890178463e-12
        ],
        "Par9": [
            -9.313790151666253e-09,
            4.0209288217248395e-13
        ],
        "Par10": [
            -2.39430404053181e-09,
            -5.103998593658877e-14
        ],
        "Par11": [
            1.332992499224381e-10,
            -6.458610579703338e-15
        ]
    },
    "lsf_data": [
        {
            "file_arc": "../exposures/ARC-Ar_CLEAR_20MAS_H_PRM.fits",
            "file_listLines": "../text/Ar.txt",
            "file_wavecal": "../exposures/WAVECAL_TABLE_20MAS_H.fits",
            "file_slitlet": "../exposures/SLITLET_TABLE_20MAS_H.fits",
            "slice": 0,
            "detID": 1,
            "normal": "Normal",
            "file_flat": null
        }
    ]
}