{
    "name": "GAUSS_HERMITE_MODEL",
    "params_linear": {
        "Par0": [
            6.778557232679908e-06,
            0.5164034939682969
        ],
        "Par1": [
            1.953881906728989e-06,
            -0.02722339862233025
        ],
        "Par2": [
            3.650355116275249e-05,
            -0.23651156049460906
        ],
        "Par3": [
            1.8193028740126891e-06,
            -0.027021968665661755
        ],
        "Par4": [
            1.3657098795773925e-05,
            -0.03711760731610031
        ],
        "Par5": [
            2.776497247168169e-07,
            -0.004069735096277829
        ],
        "Par6": [
            1.412154945716367e-06,
            -0.004295878910480251
        ],
        "Par7": [
            1.2649698371862777e-08,
            -0.00018713684935740956
        ],
        "Par8": [
            4.286647822271427e-08,
            -4.8252497085076665e-05
        ]
    },
    "filename_arc": "../exposures/ARC-Ar_CLEAR_20MAS_Hhigh_PRM.fits",
    "slice": 19,
    "detID": 1,
    "normal": true,
    "filename_flat": null
}