{
    "name": "GAUSS_HERMITE_MODEL_2",
    "coeff": {
        "Par0": [
            0.32172958443059446,
            2.6318453575862573e-07
        ],
        "Par1": [
            0.0006469117180270477,
            -4.921704025957947e-08
        ],
        "Par2": [
            -0.02571958855946662,
            -8.16816495231831e-08
        ],
        "Par3": [
            -2.5760477801060162e-05,
            5.5935806026120004e-09
        ],
        "Par4": [
            0.0009664608452436874,
            7.166585165964508e-09
        ],
        "Par5": [
            7.080028520523555e-07,
            -3.2882185994066274e-10
        ],
        "Par6": [
            -2.1797745758720377e-05,
            -2.6902754437644714e-10
        ],
        "Par7": [
            2.5191751144335395e-09,
            9.59365738823432e-12
        ],
        "Par8": [
            3.0937769134453544e-07,
            5.1486816780322006e-12
        ],
        "Par9": [
            -3.3117393675456015e-10,
            -1.6438211987519764e-13
        ],
        "Par10": [
            -2.489858439250078e-09,
            -4.8416685572688374e-14
        ],
        "Par11": [
            5.041090761142272e-12,
            1.6197082221233487e-15
        ]
    },
    "lsf_data": [
        {
            "file_arc": "../exposures/ARC-Kr_CLEAR_20MAS_H_PRM.fits",
            "file_listLines": "../text/Kr.txt",
            "file_wavecal": "../exposures/WAVECAL_TABLE_20MAS_H.fits",
            "file_slitlet": "../exposures/SLITLET_TABLE_20MAS_H.fits",
            "slice": 0,
            "detID": 1,
            "normal": "Normal",
            "file_flat": null
        }
    ]
}