{
    "name": "GAUSSIAN_MODEL",
    "params_linear": {
        "Amplitude": [
            -1.6307312450530802e-05,
            2.6425536887670473
        ],
        "Mean": [
            -1.6420032083084194e-06,
            0.028512149457245044
        ],
        "Sigma": [
            -8.313100627526336e-06,
            1.0713427882419533
        ]
    },
    "filename_arc": [
        "../exposures/ARC-Ne_CLEAR_20MAS_H_PRM.fits"
    ],
    "slice": 19,
    "detID": 1,
    "normal": true,
    "filename_flat": null
}