{
    "name": "GAUSS_HERMITE_MODEL",
    "params_linear": {
        "Par0": [
            4.3785596252884284e-07,
            0.8092873296436734
        ],
        "Par1": [
            7.583943760468691e-07,
            -0.012963555167831556
        ],
        "Par2": [
            -2.1697914787566307e-08,
            -0.06792256567177543
        ],
        "Par3": [
            -6.0240521584355e-08,
            0.001178552651927547
        ],
        "Par4": [
            4.7002607023646905e-09,
            0.0026521578450777717
        ],
        "Par5": [
            2.533193922247721e-09,
            -5.508136755107031e-05
        ],
        "Par6": [
            -2.3328687289715377e-10,
            -6.206088531871427e-05
        ],
        "Par7": [
            -7.130957581392065e-11,
            1.6285333911655355e-06
        ],
        "Par8": [
            4.860062050749767e-12,
            9.094151667147629e-07
        ],
        "Par9": [
            1.3621471157039074e-12,
            -3.1013523004875805e-08
        ],
        "Par10": [
            -4.191155141777704e-14,
            -7.56597329387161e-09
        ],
        "Par11": [
            -1.8275425164295975e-14,
            3.9126836984532484e-10
        ]
    },
    "lsf_data": [
        {
            "file_arc": "../exposures/ARC-Ne_CLEAR_20MAS_H_PRM.fits",
            "file_listLines": "../text/Ne.txt",
            "file_wavecal": "../exposures/WAVECAL_TABLE_20MAS_H.fits",
            "file_slitlet": "../exposures/SLITLET_TABLE_20MAS_H.fits",
            "slice": 0,
            "detID": 1,
            "normal": true,
            "file_flat": "../exposures/FLAT-CONT2_CLEAR_20MAS_H_PRM.fits"
        }
    ]
}