{
    "name": "GAUSS_HERMITE_MODEL",
    "params_linear": {
        "Par0": [
            -1.691006178758094e-07,
            0.8189818776118785
        ],
        "Par1": [
            -8.629616936149148e-08,
            0.0010208818123713336
        ],
        "Par2": [
            -1.7025921395638685e-07,
            -0.06557707448524995
        ],
        "Par3": [
            1.0172143484759653e-08,
            -2.927175939121028e-07
        ],
        "Par4": [
            1.6551438970895245e-08,
            0.002467283476752377
        ],
        "Par5": [
            -6.116722111566376e-10,
            -1.8474937587300913e-06
        ],
        "Par6": [
            -6.443056563349516e-10,
            -5.5653374391923805e-05
        ],
        "Par7": [
            1.627839843102542e-11,
            1.4021161087839874e-07
        ],
        "Par8": [
            1.2595949942753436e-11,
            7.885400243118204e-07
        ],
        "Par9": [
            -2.325538407784783e-13,
            -3.934418042638153e-09
        ],
        "Par10": [
            -1.213309344513131e-13,
            -6.311435007928688e-09
        ],
        "Par11": [
            1.3240492907768872e-15,
            5.975746833025886e-11
        ]
    },
    "lsf_data": [
        {
            "file_arc": "../exposures/ARC-Kr_CLEAR_20MAS_H_PRM.fits",
            "file_listLines": "../text/Kr.txt",
            "file_wavecal": "../exposures/WAVECAL_TABLE_20MAS_H.fits",
            "file_slitlet": "../exposures/SLITLET_TABLE_20MAS_H.fits",
            "slice": 0,
            "detID": 1,
            "normal": true,
            "file_flat": "../exposures/FLAT-CONT2_CLEAR_20MAS_H_PRM.fits"
        }
    ]
}