{
    "name": "GAUSS_HERMITE_MODEL",
    "params_linear": {
        "Par0": [
            7.069356023958429e-07,
            0.8054417645639022
        ],
        "Par1": [
            7.000972495977536e-08,
            -0.001414250496836709
        ],
        "Par2": [
            2.0234632744366895e-07,
            -0.07132485666480368
        ],
        "Par3": [
            -7.975449176058661e-09,
            0.00026870303253469496
        ],
        "Par4": [
            -1.2954561913336092e-08,
            0.00292125446631281
        ],
        "Par5": [
            4.3983474285093805e-10,
            -1.770167846266389e-05
        ],
        "Par6": [
            3.573593139610653e-10,
            -7.110676122729126e-05
        ],
        "Par7": [
            -1.461952702524124e-11,
            6.102633461006762e-07
        ],
        "Par8": [
            -5.558153112358801e-12,
            1.0697552278804516e-06
        ],
        "Par9": [
            2.904643977190717e-13,
            -1.1980851567503089e-08
        ],
        "Par10": [
            4.491648713521609e-14,
            -8.908078233562132e-09
        ],
        "Par11": [
            -2.85002743534207e-15,
            1.2553394030949653e-10
        ]
    },
    "lsf_data": [
        {
            "file_arc": "../exposures/ARC-Xe_CLEAR_20MAS_H_PRM.fits",
            "file_listLines": "../text/Xe.txt",
            "file_wavecal": "../exposures/WAVECAL_TABLE_20MAS_H.fits",
            "file_slitlet": "../exposures/SLITLET_TABLE_20MAS_H.fits",
            "slice": 0,
            "detID": 1,
            "normal": true,
            "file_flat": "../exposures/FLAT-CONT2_CLEAR_20MAS_H_PRM.fits"
        }
    ]
}