{
    "name": "GAUSSIAN_MODEL",
    "params_linear": {
        "Amplitude": [
            2.735006462962137e-06,
            5.984041394381955
        ],
        "Mean": [
            -3.0436731855912404e-07,
            0.005611621226599571
        ],
        "Sigma": [
            2.3875454183172913e-08,
            2.3710761615730025
        ]
    },
    "filename_arc": [
        "../exposures/ARC-Xe_CLEAR_20MAS_HK_PRM.fits"
    ],
    "slice": 10,
    "detID": 1,
    "normal": true,
    "filename_flat": null
}