{
    "name": "GAUSS_HERMITE_MODEL",
    "params_linear": {
        "Par0": [
            -1.0445473621597322e-06,
            0.8251409156362085
        ],
        "Par1": [
            -1.5194918869683086e-08,
            -0.00033264105190319935
        ],
        "Par2": [
            -8.121395883195184e-07,
            -0.05875176311387516
        ],
        "Par3": [
            9.050344763116429e-09,
            6.807160253147443e-05
        ],
        "Par4": [
            6.031940744975464e-08,
            0.0020533174297178965
        ],
        "Par5": [
            -5.369913983262356e-10,
            -4.210034598135105e-06
        ],
        "Par6": [
            -2.1147232993391043e-09,
            -4.151243461107291e-05
        ],
        "Par7": [
            1.5279641589075524e-11,
            1.1125982270697414e-07
        ],
        "Par8": [
            4.1137591455549345e-11,
            4.891235359283537e-07
        ],
        "Par9": [
            -2.455549984802819e-13,
            -1.3182006049756269e-09
        ],
        "Par10": [
            -4.1206429265372847e-13,
            -2.873478538533714e-09
        ],
        "Par11": [
            1.916285724513376e-15,
            4.3860878517308495e-12
        ]
    },
    "filename_arc": [
        "../exposures/ARC-linspace256_CLEAR_20MAS_H_PRM.fits",
        "../exposures/ARC-Xe_CLEAR_20MAS_H_PRM.fits",
        "../exposures/ARC-Kr_CLEAR_20MAS_H_PRM.fits"
    ],
    "slice": 15,
    "detID": 1,
    "normal": true,
    "filename_flat": null
}