{
    "name": "GAUSSIAN_MODEL",
    "params_linear": {
        "Amplitude": [
            2.739389491728318e-06,
            6.006230259131182
        ],
        "Mean": [
            -5.015570044566446e-07,
            0.0106099965596556
        ],
        "Sigma": [
            8.828908895144094e-07,
            2.3609180400251613
        ]
    },
    "filename_arc": [
        "../exposures/ARC-Ne_CLEAR_20MAS_HK_PRM.fits"
    ],
    "slice": 10,
    "detID": 1,
    "normal": true,
    "filename_flat": null
}