{
    "name": "GAUSS_HERMITE_MODEL",
    "coeff": {
        "Par0": [
            0.3219202793638421,
            2.5105598586109477e-07
        ],
        "Par1": [
            0.0006375324641501759,
            -4.873095190545633e-08
        ],
        "Par2": [
            -0.025760408884804666,
            -7.908461752891555e-08
        ],
        "Par3": [
            -2.1055775465444907e-05,
            5.327407770024068e-09
        ],
        "Par4": [
            0.0009683127109909858,
            7.048806274484774e-09
        ],
        "Par5": [
            1.4866683418048819e-07,
            -2.9679385799049813e-10
        ],
        "Par6": [
            -2.1820433342171125e-05,
            -2.676023136417511e-10
        ],
        "Par7": [
            3.299379692250824e-08,
            7.841911847384163e-12
        ],
        "Par8": [
            3.088911806707951e-07,
            5.1813238016636155e-12
        ],
        "Par9": [
            -1.1987216729578245e-09,
            -1.1434688284468154e-13
        ],
        "Par10": [
            -2.470501796601782e-09,
            -4.970555169146807e-14
        ],
        "Par11": [
            2.0363341851759423e-11,
            7.290696291535945e-16
        ]
    },
    "lsf_data": [
        {
            "file_arc": "../exposures/ARC-Kr_CLEAR_20MAS_H_PRM.fits",
            "file_listLines": "../text/Kr.txt",
            "file_wavecal": "../exposures/WAVECAL_TABLE_20MAS_H.fits",
            "file_slitlet": "../exposures/SLITLET_TABLE_20MAS_H.fits",
            "slice": 0,
            "detID": 1,
            "normal": "Normal",
            "file_flat": null
        }
    ]
}