{
    "name": "GAUSS_HERMITE_MODEL",
    "coeff": {
        "Par0": [
            0.33013965234092707,
            -2.627433160497556e-07
        ],
        "Par1": [
            -0.0049188831534795596,
            2.8686612398543955e-07
        ],
        "Par2": [
            -0.02764573568098505,
            3.967265766597979e-08
        ],
        "Par3": [
            0.000449989939828474,
            -2.281347494497178e-08
        ],
        "Par4": [
            0.0010802145385230188,
            -7.048657223937956e-11
        ],
        "Par5": [
            -2.116010025414001e-05,
            9.62811750285828e-10
        ],
        "Par6": [
            -2.5302736323093453e-05,
            -4.554305790534198e-11
        ],
        "Par7": [
            6.287219674356613e-07,
            -2.7246707974853318e-11
        ],
        "Par8": [
            3.7112983641667356e-07,
            1.2158569211066516e-12
        ],
        "Par9": [
            -1.2017385334822778e-08,
            5.233621762264477e-13
        ],
        "Par10": [
            -3.0893837665832233e-09,
            -1.0597116370970268e-14
        ],
        "Par11": [
            1.5225065363309716e-10,
            -7.07465394792031e-15
        ]
    },
    "lsf_data": [
        {
            "file_arc": "../exposures/ARC-Ne_CLEAR_20MAS_H_PRM.fits",
            "file_listLines": "../text/Ne.txt",
            "file_wavecal": "../exposures/WAVECAL_TABLE_20MAS_H.fits",
            "file_slitlet": "../exposures/SLITLET_TABLE_20MAS_H.fits",
            "slice": 0,
            "detID": 1,
            "normal": "Normal",
            "file_flat": null
        }
    ]
}