{
    "name": "GAUSS_HERMITE_MODEL",
    "params_linear": {
        "Par0": [
            -8.402275552103921e-07,
            0.8229219588831405
        ],
        "Par1": [
            -1.830413343872817e-07,
            0.001990549279007449
        ],
        "Par2": [
            -5.446418418404197e-07,
            -0.06353481180462522
        ],
        "Par3": [
            -2.1025361952300518e-10,
            0.00027551815245969763
        ],
        "Par4": [
            5.316903391070082e-08,
            0.002189615360049718
        ],
        "Par5": [
            4.0030991116378005e-10,
            -2.2406764552267486e-05
        ],
        "Par6": [
            -2.0631244963642124e-09,
            -4.2866966408809666e-05
        ],
        "Par7": [
            -2.210340098734908e-11,
            7.989157429840593e-07
        ],
        "Par8": [
            4.121131759279642e-11,
            4.958023922190906e-07
        ],
        "Par9": [
            6.609408760111388e-13,
            -1.7225651958342843e-08
        ],
        "Par10": [
            -4.0832071297093045e-13,
            -2.9907891962595024e-09
        ],
        "Par11": [
            -1.423246542299508e-14,
            2.7314882601729765e-10
        ]
    },
    "filename_arc": [
        "../exposures/ARC-Ar_CLEAR_20MAS_H_PRM.fits"
    ],
    "slice": 19,
    "detID": 1,
    "normal": true,
    "filename_flat": null
}