{
    "name": "GAUSS_HERMITE_MODEL",
    "params_linear": {
        "Par0": [
            0.8054417645639032,
            7.06935602395774e-07
        ],
        "Par1": [
            -0.0014142504968366336,
            7.000972495977043e-08
        ],
        "Par2": [
            -0.07132485666480369,
            2.0234632744366937e-07
        ],
        "Par3": [
            0.0002687030325346891,
            -7.975449176058282e-09
        ],
        "Par4": [
            0.0029212544663128155,
            -1.2954561913336402e-08
        ],
        "Par5": [
            -1.7701678462663636e-05,
            4.398347428509217e-10
        ],
        "Par6": [
            -7.110676122729141e-05,
            3.5735931396107546e-10
        ],
        "Par7": [
            6.10263346100672e-07,
            -1.4619527025240947e-11
        ],
        "Par8": [
            1.069755227880455e-06,
            -5.55815311235899e-12
        ],
        "Par9": [
            -1.1980851567503016e-08,
            2.9046439771906675e-13
        ],
        "Par10": [
            -8.908078233562127e-09,
            4.4916487135215916e-14
        ],
        "Par11": [
            1.2553394030949563e-10,
            -2.85002743534201e-15
        ]
    },
    "lsf_data": [
        {
            "file_arc": "../exposures/ARC-Xe_CLEAR_20MAS_H_PRM.fits",
            "file_listLines": "../text/Xe.txt",
            "file_wavecal": "../exposures/WAVECAL_TABLE_20MAS_H.fits",
            "file_slitlet": "../exposures/SLITLET_TABLE_20MAS_H.fits",
            "slice": 0,
            "detID": 1,
            "normal": true,
            "file_flat": "../exposures/FLAT-CONT2_CLEAR_20MAS_H_PRM.fits"
        }
    ]
}