{
    "name": "GAUSS_HERMITE_MODEL",
    "dic_params": {
        "Par0": [
            0.8146019356497672
        ],
        "Par1": [
            -0.0019596552019070144
        ],
        "Par2": [
            -0.06805763935157302
        ],
        "Par3": [
            0.0003019872156077053
        ],
        "Par4": [
            0.002712996451914584
        ],
        "Par5": [
            -1.791424997162522e-05
        ],
        "Par6": [
            -6.52840991870716e-05
        ],
        "Par7": [
            5.673711303798394e-07
        ],
        "Par8": [
            9.774717136843598e-07
        ],
        "Par9": [
            -1.042501414193112e-08
        ],
        "Par10": [
            -8.144168446769153e-09
        ],
        "Par11": [
            1.0969066218543803e-10
        ]
    },
    "line": 182,
    "filename_arc": [
        "../exposures/ARC-Kr_CLEAR_20MAS_H_PRM.fits"
    ],
    "file_listLines": [
        "../text/Kr.txt"
    ],
    "slice": 0,
    "detID": 1,
    "normal": true,
    "filename_flat": null
}
