{
    "name": "GAUSSIAN_MODEL",
    "params_linear": {
        "Amplitude": [
            -7.760691370981192e-07,
            2.497941023431017
        ],
        "Mean": [
            1.8034682912075799e-06,
            -0.02904351902745491
        ],
        "Sigma": [
            -4.743393724921413e-07,
            0.9978526708449006
        ]
    },
    "filename_arc": [
        "../exposures/ARC-Ar_CLEAR_20MAS_H_PRM.fits",
        "../exposures/ARC-Ne_CLEAR_20MAS_H_PRM.fits"
    ],
    "file_listLines": [
        "../text/Ar.txt",
        "../text/Ne.txt"
    ],
    "slice": 0,
    "detID": 1,
    "normal": true,
    "filename_flat": null
}