{
    "name": "GAUSS_HERMITE_MODEL",
    "params_linear": {
        "Par0": [
            0.8203540191253,
            -1.8711890597749e-07
        ],
        "Par1": [
            -0.002963466842432643,
            1.469437887233052e-07
        ],
        "Par2": [
            -0.06598872135045337,
            -1.3220691293718892e-07
        ],
        "Par3": [
            0.0004907173782174834,
            -2.0370533608272724e-08
        ],
        "Par4": [
            0.0024733846273454507,
            1.495721396338413e-08
        ],
        "Par5": [
            -3.169003103498417e-05,
            1.2679651746020697e-09
        ],
        "Par6": [
            -5.566421441173607e-05,
            -6.020820284778258e-10
        ],
        "Par7": [
            1.1401164389059354e-06,
            -4.7139565665012673e-11
        ],
        "Par8": [
            7.833221537158712e-07,
            1.2172926980246833e-11
        ],
        "Par9": [
            -2.4727431364755888e-08,
            1.0898304388048333e-12
        ],
        "Par10": [
            -6.083202923884118e-09,
            -1.2882757086374737e-13
        ],
        "Par11": [
            3.4914884033351315e-10,
            -1.7080305790470327e-14
        ]
    },
    "lsf_data": [
        {
            "file_arc": "../exposures/ARC-Ar_CLEAR_20MAS_H_PRM.fits",
            "file_listLines": "../text/Ar.txt",
            "file_wavecal": "../exposures/WAVECAL_TABLE_20MAS_H.fits",
            "file_slitlet": "../exposures/SLITLET_TABLE_20MAS_H.fits",
            "slice": 0,
            "detID": 1,
            "normal": true,
            "file_flat": "../exposures/FLAT-CONT2_CLEAR_20MAS_H_PRM.fits"
        }
    ]
}