{
    "name": "MOFFAT_MODEL",
    "params_linear": {
        "amplitude": [
            2.9891573280149043e-07,
            0.9961426835926819
        ],
        "center": [
            -1.188970796835098e-08,
            0.0005771136157316366
        ],
        "sigma": [
            -0.004535756795106051,
            277.17852676430124
        ],
        "beta": [
            -1.0427063607817078,
            38126.34675696785
        ]
    },
    "filename_arc": [
        "../exposures/ARC-Ar_CLEAR_20MAS_H_PRM.fits",
        "../exposures/ARC-Xe_CLEAR_20MAS_H_PRM.fits"
    ],
    "slice": 0,
    "detID": 1,
    "normal": true,
    "filename_flat": null
}