{
    "name": "MOFFAT_MODEL",
    "params_linear": {
        "amplitude": [
            4.0220023409340316e-07,
            1.0076301402963181
        ],
        "center": [
            -2.3771099407002629e-07,
            0.005836875909989741
        ],
        "sigma": [
            -0.010336366858895885,
            678.597868417163
        ],
        "beta": [
            -0.8230197589102716,
            36037.39656563844
        ]
    },
    "filename_arc": [
        "../exposures/ARC-Xe_CLEAR_20MAS_HK_PRM.fits"
    ],
    "slice": 15,
    "detID": 1,
    "normal": true,
    "filename_flat": null
}