{
    "name": "MOFFAT_MODEL",
    "params_linear": {
        "amplitude": [
            2.3632208857031882e-07,
            0.997574623654608
        ],
        "center": [
            -3.872285473674366e-07,
            0.006854868541909306
        ],
        "sigma": [
            -0.006999550051765168,
            309.90603085485697
        ],
        "beta": [
            -1.7919014607538784,
            49570.75741452212
        ]
    },
    "filename_arc": [
        "../exposures/ARC-Ar_CLEAR_20MAS_H_PRM.fits",
        "../exposures/ARC-Kr_CLEAR_20MAS_H_PRM.fits"
    ],
    "slice": 0,
    "detID": 1,
    "normal": true,
    "filename_flat": null
}