{
    "name": "MOFFAT_MODEL",
    "params_linear": {
        "amplitude": [
            -2.7705624311805627e-07,
            1.004765068546999
        ],
        "center": [
            7.892538559133234e-08,
            -0.0005280067485278795
        ],
        "sigma": [
            -0.003674166281106318,
            260.69230612381125
        ],
        "beta": [
            -0.8889190445491217,
            35082.86143530561
        ]
    },
    "filename_arc": [
        "../exposures/ARC-Xe_CLEAR_20MAS_H_PRM.fits"
    ],
    "file_listLines": [
        "../text/Xe.txt"
    ],
    "slice": 0,
    "detID": 1,
    "normal": true,
    "filename_flat": null
}
