{
    "name": "MOFFAT_MODEL",
    "params_linear": {
        "amplitude": [
            -7.3577523316134675e-09,
            1.014814076605484
        ],
        "center": [
            -5.612170924334052e-07,
            0.00998856255795672
        ],
        "sigma": [
            -0.0063359749182862355,
            595.6261637775974
        ],
        "beta": [
            -0.48994746940118716,
            29331.03738398523
        ]
    },
    "filename_arc": [
        "../exposures/ARC-Kr_CLEAR_20MAS_HK_PRM.fits"
    ],
    "slice": 15,
    "detID": 1,
    "normal": true,
    "filename_flat": null
}