{
    "name": "MOFFAT_MODEL",
    "params_linear": {
        "amplitude": [
            7.491160680715411e-08,
            0.9998110460923538
        ],
        "center": [
            -2.8164170117662675e-07,
            0.005267167145567379
        ],
        "sigma": [
            -0.006040013122705623,
            293.53545259841655
        ],
        "beta": [
            -1.4524249812933074,
            43701.55076781666
        ]
    },
    "filename_arc": [
        "../exposures/ARC-Kr_CLEAR_20MAS_H_PRM.fits",
        "../exposures/ARC-Xe_CLEAR_20MAS_H_PRM.fits"
    ],
    "slice": 0,
    "detID": 1,
    "normal": true,
    "filename_flat": null
}