{
    "name": "MOFFAT_MODEL",
    "params_linear": {
        "amplitude": [
            -3.2800050769616854e-08,
            1.001769519328531
        ],
        "center": [
            -1.0265410217659689e-07,
            0.002583552582226191
        ],
        "sigma": [
            -0.00647460858681337,
            297.3982231050628
        ],
        "beta": [
            -1.6993489240127273,
            47357.452815729535
        ]
    },
    "filename_arc": [
        "../exposures/ARC-Kr_CLEAR_20MAS_H_PRM.fits",
        "../exposures/ARC-Ne_CLEAR_20MAS_H_PRM.fits"
    ],
    "slice": 0,
    "detID": 1,
    "normal": true,
    "filename_flat": null
}