{
    "name": "MOFFAT_MODEL",
    "params_linear": {
        "amplitude": [
            3.1344212705747155e-06,
            0.9623585905844892
        ],
        "center": [
            -1.7673942828385537e-07,
            0.0032868246473089853
        ],
        "sigma": [
            0.016809397389018765,
            -192.9225159537587
        ],
        "beta": [
            10.283594016995636,
            -144597.38771106908
        ]
    },
    "filename_arc": [
        "../exposures/ARC-Xe_CLEAR_20MAS_Hhigh_PRM.fits"
    ],
    "slice": 15,
    "detID": 1,
    "normal": true,
    "filename_flat": null
}