{
    "name": "MOFFAT_MODEL",
    "params_linear": {
        "amplitude": [
            2.5308026530164754e-06,
            0.9727995614005336
        ],
        "center": [
            -2.421228409464634e-07,
            0.00427038638708322
        ],
        "sigma": [
            -0.005381732325815549,
            168.023658128029
        ],
        "beta": [
            -2.2308720764481653,
            58762.32303698658
        ]
    },
    "filename_arc": [
        "../exposures/ARC-Kr_CLEAR_20MAS_Hhigh_PRM.fits"
    ],
    "file_listLines": [
        "../text/Kr.txt"
    ],
    "slice": 15,
    "detID": 1,
    "normal": true,
    "filename_flat": null
}
