{
    "name": "MOFFAT_MODEL",
    "params_linear": {
        "amplitude": [
            1.6701121185884764e-07,
            0.9986640301303003
        ],
        "center": [
            1.8034342622087641e-06,
            -0.029043060329976892
        ],
        "sigma": [
            -0.01492109189172935,
            443.8028912837215
        ],
        "beta": [
            -3.0037970142477994,
            69699.56249795259
        ]
    },
    "filename_arc": [
        "../exposures/ARC-Ar_CLEAR_20MAS_H_PRM.fits",
        "../exposures/ARC-Ne_CLEAR_20MAS_H_PRM.fits"
    ],
    "slice": 0,
    "detID": 1,
    "normal": true,
    "filename_flat": null
}